CREATE MEMORY TABLE "PUBLIC"."CUSTOMER"(
    "ID" BIGINT NOT NULL,
    "NAME" VARCHAR(255)
);
ALTER TABLE "PUBLIC"."CUSTOMER" ADD CONSTRAINT "PUBLIC"."CONSTRAINT_5" PRIMARY KEY("ID");

CREATE MEMORY TABLE "PUBLIC"."CUSTOMER_PHONE_NUMBERS"(
    "CUSTOMER_ID" BIGINT NOT NULL,
    "PHONE_NUMBERS_ID" BIGINT NOT NULL
);
CREATE MEMORY TABLE "PUBLIC"."PHONE_NUMBER"(
    "ID" BIGINT NOT NULL,
    "ACTIVE" BOOLEAN NOT NULL,
    "NUMBER" VARCHAR(255)
);
ALTER TABLE "PUBLIC"."PHONE_NUMBER" ADD CONSTRAINT "PUBLIC"."CONSTRAINT_2" PRIMARY KEY("ID");

ALTER TABLE "PUBLIC"."CUSTOMER_PHONE_NUMBERS" ADD CONSTRAINT "PUBLIC"."UK_3Y46UK1V7FK3S8GCP8BWF3N1K" UNIQUE("PHONE_NUMBERS_ID");
ALTER TABLE "PUBLIC"."CUSTOMER_PHONE_NUMBERS" ADD CONSTRAINT "PUBLIC"."FKMRH4HS4C46EEN1Y15EDSTNKMS" FOREIGN KEY("PHONE_NUMBERS_ID") REFERENCES "PUBLIC"."PHONE_NUMBER"("ID") NOCHECK;
ALTER TABLE "PUBLIC"."CUSTOMER_PHONE_NUMBERS" ADD CONSTRAINT "PUBLIC"."FK8T59YK70TP1U41LTRLFKMK4UT" FOREIGN KEY("CUSTOMER_ID") REFERENCES "PUBLIC"."CUSTOMER"("ID") NOCHECK;

INSERT INTO CUSTOMER (ID,NAME) VALUES (1,'TEST1'); 
INSERT INTO CUSTOMER (ID,NAME) VALUES (2,'TEST2'); 
INSERT INTO CUSTOMER (ID,NAME) VALUES (3,'TEST3'); 

INSERT INTO PHONE_NUMBER (ID,NUMBER, ACTIVE) VALUES (1,'99991111',false);
INSERT INTO PHONE_NUMBER (ID,NUMBER, ACTIVE) VALUES (2,'99992222',false);
INSERT INTO PHONE_NUMBER (ID,NUMBER, ACTIVE) VALUES (3,'99993333',false);
INSERT INTO PHONE_NUMBER (ID,NUMBER, ACTIVE) VALUES (4,'99994444',false);
INSERT INTO PHONE_NUMBER (ID,NUMBER, ACTIVE) VALUES (5,'99995555',false);

INSERT INTO "PUBLIC"."CUSTOMER_PHONE_NUMBERS"(CUSTOMER_ID, PHONE_NUMBERS_ID) VALUES (1,1);
INSERT INTO "PUBLIC"."CUSTOMER_PHONE_NUMBERS"(CUSTOMER_ID, PHONE_NUMBERS_ID) VALUES (1,2);
INSERT INTO "PUBLIC"."CUSTOMER_PHONE_NUMBERS"(CUSTOMER_ID, PHONE_NUMBERS_ID) VALUES (2,3);
INSERT INTO "PUBLIC"."CUSTOMER_PHONE_NUMBERS"(CUSTOMER_ID, PHONE_NUMBERS_ID) VALUES (2,4);
INSERT INTO "PUBLIC"."CUSTOMER_PHONE_NUMBERS"(CUSTOMER_ID, PHONE_NUMBERS_ID) VALUES (3,5);
